 -- Migration 0002: seed dev data.
--
-- Сидим только те сущности, для которых НЕ нужна криптография приложения
-- (argon2id, AES-GCM): справочники + default security_policy.
-- Пользователи создаются через Go (этап 10) — админ руками через REST,
-- дальше студенты через /users.

-- +goose Up

-- Курсы
INSERT INTO courses (id, name, code) VALUES
    ('11111111-1111-1111-1111-111111111101', 'Базы данных',       'CS-BD'),
    ('11111111-1111-1111-1111-111111111102', 'Математика',        'MATH-BASE'),
    ('11111111-1111-1111-1111-111111111103', 'Операционные системы','CS-OS');

-- Группы
INSERT INTO groups (id, name) VALUES
    ('22222222-2222-2222-2222-222222222201', 'БПИ-221'),
    ('22222222-2222-2222-2222-222222222202', 'БПИ-222'),
    ('22222222-2222-2222-2222-222222222203', 'БПИ-231');

-- Потоки
INSERT INTO streams (id, course_id, name) VALUES
    ('33333333-3333-3333-3333-333333333301',
     '11111111-1111-1111-1111-111111111101', 'БД — поток БПИ-22'),
    ('33333333-3333-3333-3333-333333333302',
     '11111111-1111-1111-1111-111111111102', 'Математика — общий поток'),
    ('33333333-3333-3333-3333-333333333303',
     '11111111-1111-1111-1111-111111111103', 'ОС — поток БПИ-23');

-- Состав потоков
INSERT INTO stream_groups (stream_id, group_id) VALUES
    ('33333333-3333-3333-3333-333333333301', '22222222-2222-2222-2222-222222222201'),
    ('33333333-3333-3333-3333-333333333301', '22222222-2222-2222-2222-222222222202'),
    ('33333333-3333-3333-3333-333333333302', '22222222-2222-2222-2222-222222222201'),
    ('33333333-3333-3333-3333-333333333302', '22222222-2222-2222-2222-222222222202'),
    ('33333333-3333-3333-3333-333333333302', '22222222-2222-2222-2222-222222222203'),
    ('33333333-3333-3333-3333-333333333303', '22222222-2222-2222-2222-222222222203');

-- Аудитории — координаты близко к ВШИТ ТГУ (Томск, ул. Ленина 36)
INSERT INTO classrooms (id, building, room_number, latitude, longitude, radius_m, allowed_bssids) VALUES
    ('44444444-4444-4444-4444-444444444401', 'Главный корпус ТГУ', '109',
     56.469849, 84.948042, 25,
     '["aa:bb:cc:dd:ee:01","aa:bb:cc:dd:ee:02"]'::jsonb),
    ('44444444-4444-4444-4444-444444444402', 'Главный корпус ТГУ', '204',
     56.470100, 84.948500, 25,
     '["aa:bb:cc:dd:ee:03"]'::jsonb),
    ('44444444-4444-4444-4444-444444444403', 'НБ ТГУ',              '315',
     56.470900, 84.949500, 30,
     '[]'::jsonb);

-- Политика безопасности по умолчанию: все механизмы включены,
-- QR-TTL 10 секунд, Wi-Fi BSSID берётся из classrooms.
INSERT INTO security_policies (id, name, mechanisms, is_default, created_by) VALUES
    ('55555555-5555-5555-5555-555555555501',
     'default',
     '{
       "qr_ttl": { "enabled": true,  "ttl_seconds": 10 },
       "geo":    { "enabled": true,  "radius_override_m": null },
       "wifi":   { "enabled": true,  "required_bssids_from_classroom": true },
       "bluetooth_beacon": { "enabled": false }
     }'::jsonb,
     true,
     NULL);

-- Расслабленная политика: только QR, без гео/wifi — для онлайн-занятий / демо.
INSERT INTO security_policies (id, name, mechanisms, is_default, created_by) VALUES
    ('55555555-5555-5555-5555-555555555502',
     'qr_only',
     '{
       "qr_ttl": { "enabled": true,  "ttl_seconds": 15 },
       "geo":    { "enabled": false },
       "wifi":   { "enabled": false },
       "bluetooth_beacon": { "enabled": false }
     }'::jsonb,
     false,
     NULL);

-- +goose Down

DELETE FROM security_policies WHERE id IN (
    '55555555-5555-5555-5555-555555555501',
    '55555555-5555-5555-5555-555555555502'
);
DELETE FROM classrooms WHERE id IN (
    '44444444-4444-4444-4444-444444444401',
    '44444444-4444-4444-4444-444444444402',
    '44444444-4444-4444-4444-444444444403'
);
DELETE FROM stream_groups WHERE stream_id IN (
    '33333333-3333-3333-3333-333333333301',
    '33333333-3333-3333-3333-333333333302',
    '33333333-3333-3333-3333-333333333303'
);
DELETE FROM streams WHERE id IN (
    '33333333-3333-3333-3333-333333333301',
    '33333333-3333-3333-3333-333333333302',
    '33333333-3333-3333-3333-333333333303'
);
DELETE FROM groups WHERE id IN (
    '22222222-2222-2222-2222-222222222201',
    '22222222-2222-2222-2222-222222222202',
    '22222222-2222-2222-2222-222222222203'
);
DELETE FROM courses WHERE id IN (
    '11111111-1111-1111-1111-111111111101',
    '11111111-1111-1111-1111-111111111102',
    '11111111-1111-1111-1111-111111111103'
);
